{
  "project_info": {
    "project_number": "974869445708",
    "project_id": "stratustore",
    "storage_bucket": "stratustore.firebasestorage.app"
  },
  "client": [
    {
      "client_info": {
        "mobilesdk_app_id": "1:974869445708:android:2f2408955ce7c860f448e9",
        "android_client_info": {
          "package_name": "com.stratustore"
        }
      },
      "oauth_client": [
        {
          "client_id": "974869445708-3bhfg5k9rqjarj0vc7juva86kddn29s6.apps.googleusercontent.com",
          "client_type": 1,
          "android_info": {
            "package_name": "com.stratustore",
            "certificate_hash": "5e8f16062ea3cd2c4a0d547876baa6f38cabf625"
          }
        },
        {
          "client_id": "974869445708-djdnmb0gmitejreg9ss9040guinn1hvl.apps.googleusercontent.com",
          "client_type": 3
        }
      ],
      "api_key": [
        {
          "current_key": "AIzaSyCtaFZmx7IfJjM3jzMpGC6nnmoiTozxrho"
        }
      ],
      "services": {
        "appinvite_service": {
          "other_platform_oauth_client": [
            {
              "client_id": "974869445708-djdnmb0gmitejreg9ss9040guinn1hvl.apps.googleusercontent.com",
              "client_type": 3
            }
          ]
        }
      }
    }
  ],
  "configuration_version": "1"
}